{
    "init_keypoint_positions": [
        [
            0.11262146466082983,
            0.08065150049904588,
            0.562
        ],
        [
            -0.004434526733861167,
            0.09692608432582264,
            0.49
        ],
        [
            0.14649840460466776,
            0.1209410505303332,
            0.353
        ]
    ],
    "num_keypoints": 3,
    "num_stages": 3,
    "grasp_keypoints": [
        2,
        -1,
        -1
    ],
    "release_keypoints": [
        -1,
        -1,
        2
    ]
}