{
    "init_keypoint_positions": [
        [
            0.17706948890463314,
            0.06899890882199318,
            0.643
        ],
        [
            0.11121870620420027,
            0.07964694444300793,
            0.555
        ],
        [
            -0.0030576255759713297,
            0.09845554354627681,
            0.47300000000000003
        ],
        [
            0.15405778589122351,
            0.11961586396992278,
            0.36
        ],
        [
            0.23401760364898203,
            0.11434485362183183,
            0.317
        ],
        [
            0.1643748480883699,
            0.13076035972674005,
            0.26
        ]
    ],
    "num_keypoints": 6,
    "num_stages": 4,
    "grasp_keypoints": [
        2,
        -1,
        3,
        -1
    ],
    "release_keypoints": [
        -1,
        2,
        -1,
        3
    ]
}