{
    "init_keypoint_positions": [
        [
            0.17871142737460505,
            0.06670795215365441,
            0.637
        ],
        [
            -0.004371176351948864,
            0.09679033350743914,
            0.483
        ],
        [
            0.23327937776996316,
            0.1139841443044128,
            0.316
        ],
        [
            0.12264504651728043,
            0.1234388655885897,
            0.307
        ]
    ],
    "num_keypoints": 4,
    "num_stages": 4,
    "grasp_keypoints": [
        1,
        -1,
        2,
        -1
    ],
    "release_keypoints": [
        -1,
        1,
        -1,
        2
    ]
}