{
    "init_6d_pose_matrices": [
      [
        [0.87345, -0.31245,  0.37456,  -0.0817644913037807],
        [0.23456,  0.94567, -0.22468, -0.002410711343105048],
        [-0.46789, 0.12876,  0.87654,  0.9570000000000001],
        [0.00000,  0.00000,  0.00000,  1.00000]
      ],
      [
        [0.55231,  0.66123, -0.50789, -0.0413321171625684],
        [-0.23451, 0.78456,  0.57234,  0.06705775320978571],
        [0.31234, -0.22876,  0.91987, 0.547],
        [0.00000,  0.00000,  0.00000,  1.00000]
      ]
    ],
    "num_poses": 2,
    "num_stages": 3,
    "grasp_poses": [2, -1, -1],
    "release_poses": [-1, -1, 2]
  }
  