{
    "init_keypoint_positions": [
        [
            0.05804317134597583,
            0.11183928137395342,
            0.365
        ],
        [
            -0.0379132642771075,
            0.11463186963784269,
            0.34500000000000003
        ],
        [
            0.22602511260853603,
            0.11362343498699377,
            0.315
        ],
        [
            0.08833628968448924,
            0.1238021606358827,
            0.254
        ]
    ],
    "num_keypoints": 4,
    "num_stages": 4,
    "grasp_keypoints": [
        2,
        -1,
        3,
        -1
    ],
    "release_keypoints": [
        -1,
        2,
        -1,
        3
    ]
}