{
    "init_keypoint_positions": [
        [
            -0.09117283535623602,
            0.05559319229038781,
            0.34400000000000003
        ],
        [
            0.05898696274997543,
            0.11183928137395342,
            0.365
        ],
        [
            0.2291939245690881,
            0.11480123494458781,
            0.316
        ],
        [
            0.09329959817757759,
            0.12297084848140084,
            0.255
        ]
    ],
    "num_keypoints": 4,
    "num_stages": 2,
    "grasp_keypoints": [
        2,
        3
    ],
    "release_keypoints": [
        -1,
        -1
    ]
}