{
    "init_keypoint_positions": [
        [
            -0.055269976056141375,
            0.05084837797165006,
            0.342
        ]
    ],
    "num_keypoints": 1,
    "num_stages": 1,
    "grasp_keypoints": [
        0
    ],
    "release_keypoints": [
        -1
    ]
}